{"data/ssb-skew-sf1/sub_queries_1.csv": [0.8022525533393936, 1.2650301071166203, 2.5575637987760182, 1.7506849315068493, 0.23322683706070288, 0.7, 7.857142857142857, 1.967741935483871, 5.516129032258065, 37.80718336483932, 0.002664830229355051, 0.06387850915013893, 0.13372781065088757, 0.5017561465127948, 0.19623967540936096, 9.104201680672269, 0.05924274221755859, 282.60869565217394, 5.0, 0.2359882005899705, 5.063291139240507, 11.2, 100.0], "data/ssb-skew-sf1/sub_queries_2.csv": [1.4056264815125894, 2.5202453987730062, 21.02838605028386, 1.0039275654942792, 0.23411996812253388, 5.533995112172886, 0.7027631459184698, 0.06690276500846236, 39.60995523611374, 0.0027875929924768396, 0.5253076471239932, 0.13983905301421706, 1.7077648089467066, 0.07225392572029717, 4.144768023592606, 0.23931912299848582, 2.4577226819666245, 0.23865933109741658, 1.3295545627121244, 1.3658676147103104, 1.8658600906321647], "data/ssb-skew-sf1/sub_queries_3.csv": [2.467375739043721, 0.0671653567957924, 0.16439745993785726, 0.23959669972812866, 39.76552550280562, 9.46680867712907, 1.3347765782695122, 0.002798561879229565, 0.003704284201552818, 0.05613864104730025, 0.5998590137394595, 0.39662830027584395, 0.47949891710966724, 0.12636305922772426, 0.015820723338845245, 0.3756365638687248, 1.443965888071579, 357.8487654320988, 554.4047619047619, 7.709016041863258, 0.6617470807793719, 0.12572402502988725, 0.2402591813980042, 1.290214596343212, 2.467375739043721, 0.5273708216535079, 0.28745690696013604, 0.8592185255463036, 0.3694941577231603, 0.41879508374353736, 0.03344538234037744, 0.19044941714457064, 0.3194370815685203, 0.09845823026759613], "data/ssb-skew-sf1/sub_queries_4.csv": [0.16504062831209065, 9.503977742033648, 0.003715752573693848, 0.13941066948464131, 0.04438271100580113, 123.77925531914893, 648.9166666666666, 1.2952803024019148, 0.4519060764912063, 0.044509932329185764, 0.12621783756421717, 0.1512367992976839, 0.04019826339384519, 0.6643461288223813, 0.2806938825726051, 0.09783871926774115, 0.34717324341252886, 0.05864811133200795], "data/ssb-skew-sf1/sub_queries_5.csv": [0.3485374998927471, 0.14769751200349193, 0.013705069790988645]}