{"data/ssb-skew-sf1/sub_queries_1.csv": [0.5896170004800857, 0.36099948770982865, 0.37977318831932627, 1.0, 1.0, 1.0, 1.0, 1.0, 1.0, 1.0066162570888468, 1.0039523324749986, 0.999971256108077, 1.0022465148931903, 1.0046788760662317, 1.0002898130705695, 1.0, 1.0008744316194473, 3.391304347826087, 1.0, 1.0, 1.0, 1.0, 1.75], "data/ssb-skew-sf1/sub_queries_2.csv": [1.0137615104277753, 1.0190184049079754, 1.0259529602595296, 1.0, 1.0068802845646976, 1.0042974435016614, 1.0067161984601345, 1.4331566535711524, 1.4308996910661371, 1.4315125147519063, 1.4327612047935885, 1.4313972153447165, 1.0857499927251342, 1.5534119966934758, 1.0, 1.2874376647919155, 1.0011673464372304, 1.1236993866832616, 1.000217317660895, 1.0, 1.0], "data/ssb-skew-sf1/sub_queries_3.csv": [1.0011673464372304, 1.4331566535711524, 1.9189789022655832, 1.1236993866832616, 1.4308996910661371, 1.973264356823023, 1.000217317660895, 1.4315125147519063, 2.9910852520557056, 1.1236993866832616, 1.9001570683434919, 1.4549988506502036, 1.749122202533307, 1.9905426096048995, 1.4639671580096862, 1.0030591055175466, 1.7357777347614747, 489.8441358024691, 580.531746031746, 6.274942094878614, 1.4507961510803684, 1.8455158375426768, 1.2880029875828587, 2.510196584943892, 1.0011673464372304, 1.4327612047935885, 2.2162114603081635, 1.7438742791756363, 2.5280055675616278, 1.650188848642457, 1.8425016695617196, 3.9958581655984107, 1.1652466183904906, 4.041645585038602]}