{"data/ssb-skew-sf1/sub_queries_1.csv": [0.7201519972194, 0.4539086552295108, 0.4751474574248649, 1.0, 1.0, 1.0, 1.0, 1.0, 1.0, 1.1814744801512287, 1.1704293670279657, 1.1740155217016384, 1.1828703239394243, 1.1809081786251883, 1.0, 0.9798319327731092, 0.9983823015040224, 0.9565217391304348, 1.0, 1.0, 1.0, 1.0, 1.0], "data/ssb-skew-sf1/sub_queries_2.csv": [0.7179153368049723, 0.45775635407537246, 0.49635036496350365, 1.249966131621268, 1.2498443057904252, 1.2491144245819261, 1.2499900811941775, 1.2479166759840963, 1.2568564403253262, 1.2426781434461152, 1.2547336999805598, 1.255364454380103, 0.2060885266941631, 1.3653276590850274, 0.01572427380557784, 1.3674256887054559, 0.7090353559461414, 1.458789052819403, 0.3787731778872888, 0.17591024853314322, 0.02691516958548163], "data/ssb-skew-sf1/sub_queries_3.csv": [0.7090353559461414, 1.2479166759840963, 0.7077343261678941, 1.458789052819403, 1.2568564403253262, 1.4688953614745903, 0.3787731778872888, 1.2426781434461152, 0.3763575685521945, 1.4655310820110707, 0.3091700036988791, 0.23406098121634047, 0.26375762945461706, 0.24602285458211964, 1.2768120705505912, 0.02314303297715748, 0.023406245967221576, 0.013888888888888888, 1.4523809523809523, 0.0051471219010036885, 0.8726843132554875, 1.3727272237719308, 1.3674256887054559, 0.7112784538635637, 0.7090353559461414, 1.2547336999805598, 2.337220055796174, 0.3527254466950126, 1.2558748763781546, 0.24656357388316152, 1.372480294014761, 0.16582330672064172, 0.05854898210137997, 1.2577650663368563], "data/ssb-skew-sf1/sub_queries_4.csv": [0.7077343261678941, 1.4688953614745903, 0.3763575685521945, 0.3513662144967543, 0.36914780619331644, 0.023936170212765957, 0.125, 0.7112784538635637, 0.33365385609561915, 0.05518445754202139, 1.3727272237719308, 2.349779880709546, 2.3473829952595904, 0.8726843132554875, 0.5267515324325693, 0.08197371147487816, 0.8748745141445082, 0.233412027833002], "data/ssb-skew-sf1/sub_queries_5.csv": [0.8748745141445082, 0.4984722828459188, 0.07760179359224706]}